Negatives,Positives
offender,sanctioned
flirt,inestimable
killed,properly
protests,shine
bereavement,cognizance
disagreeably,forceful
involuntarily,practice
harmed,love-match
irrelevant,presto
hustler,mirth
hypocrites,model
overturn,school
nosey,safety-net
scrambled,stellarly
cancerous,dear
rude,spirited
yawnyeasty,
demolisher,exhilarate
concern,dovelike
unfavorable,voyage
retards,soulful
condescending,drop
blasphemy,conciliation
revert,soup-kitchen
bafflement,cheers
undue,vitalize
overbalanced,sauciness
disillusionment,garnish
heedless,made
cataclysm,deliberate
cons,easily
disease,gad
stooge,top-notch
rust,spontaneous
remorsefully,socialization
overpaid,saviour
onerously,sanguineness
distress,grace
prosecute,shimmeringly
avaricious,central
dowdy,grown
ineffectively,overachiever
blundering,conquer
misunderstandings,restructure
tetchy,unify
doubting,groovy
shortcoming,suave
distracting,gorgeousness
stern,timeliness
disprove,glistening
hassles,lovey-dovey
uneven,vocal
furor,irradiant
crude,enchanted
rotten,spiffy
uglier,validity
casualty,delectable
uncivil,verdant
disappointment,formal
lonesome,radiance
irregular,president
pander,scripter
degenerate,even
imperfection,nimbly
slowest,superpower
egregiously,hearty
disagrees,foresighted
infamy,pardon
escapade,high-technology
discouragingly,fulgent
upsetting,win
paupers,seductive
devilment,fever
subversion,uhuh
forbidden,informative
contaminating,eco-warrior
insanity,pert
defamatory,espirit
zephyr,
spite,talent
jitter,profuse
harm,love-affair
covetous,egalitarian
grumpy,liberty
poky,sequin
startle,thoughtfulness
discompose,freedoms
stealing,thriving
scant,star
contemptuously,ecstasy
instigators,placid
subpoena,uber
paranoia,seamless
lack,protected
refutes,snazzily
embroilment,helped
impenitent,nimble-fingered
incoherent,oneness
gloomy,knees-up
suffocate,unassailable
unruly,well-intentioned
passiveness,second-sighted
torment,unspoilt
implication,nonchalant
loophole,rain-maker
irrationals,preponderant
audaciously,celebrate
fanatical,hunky-dory
devastated,fervid
vanity,wisdom
floored,inexpensively
fallout,human-rights
bristle,counselor
addicting,aspire
boring,convenient
awkwardness,changeable
squabbling,tenderness
blister,confirmation
pique,self-taughtself-worth
mobster,results
abysmally,agree
whining,yee-haw
incongruous,opening
irrecoverable,presence
hard-hearted,locket
mistrustful,restoration
emergency,helper
infuriate,peacekeeper
disconsolation,frisk
struck,treasure
litigious,quirky
boorish,contribute
blurring,consequential
traitor,upbear
despise,fascinating
worries,yummy
sluts,supportively
foolishly,influential
displeasure,glimmering
disconsolate,friendship
disadvantage,focused
criticisms,employable
impatiently,nice-one
disregard,glory
effigy,heart
denial,expert
died,first-rate
authoritarian,celebratory
self-interest,stout
hysterics,more
unresolved,well-grounded
collapse,distinction
negate,ruling
deformed,euphoric
deficient,eulogize
overemphasize,saver
longingly,rah
vexation,wizard
swipe,undefeated
impudence,nutriment
failures,hotshot
sabotage,sporty
impolitic,nonstop
radical,sisterly
miff,relatedness
gimmick,kindred
slogging,supercal
uproarious,willed
unsavory,well-liked
unhappily,walfarism
chunky,dignify
insult,pleased
defiance,esteemed
manic,recover
dimmer,flawless
gangster,keen
awful,chairperson
mortifying,richer
dead,ensure
braggart,convincing
divine,grandslam
sue,unaffected
fatuity,idolized
fatally,ideal
skimpy,suitor
infected,parenting
vestiges,wiz
desiccate,famously
negatives,run-for-my-money
unsupportive,wellness
beguile,clean
transgress,updated
impermissible,nobility
overpower,savor
pitiless,selling-point-
ramshackle,slammin
humiliating,million
derisiveness,faithfulness
downhearted,guide
horrid,meditate
ruthlessness,sportively
cautionary,deluxe
suspiciously,uncorrupted
downhill,guilt-free
left-leaning,quester
racists,sire
cringes,emollient
daft,engross
cheats,developing
macabre,really
discontinued,frolicsome
snag,swagger
brute,creamy
difficult,fitting
notoriously,safety-valve
loneliness,quotidian
unnerving,wedding-ring
pridefulprimitive,sharp-wittedness
obscures,salient
symptoms,undeniably
dislocated,gentlemanly
untouched,whim-wham
inflame,patient
knotted,prosperous
misleadingly,resource
biases,commendatory
unsustainable,whacky
rebuff,smash
insecurity,petichor
blunt,conscious
arduously,capably
dispirited,glamour
dungeons,haven
impossibly,noteworthy
mordantly,reward
exorbitant,honeyed
gracelessly,lagniappe
junkyard,promptly
mispronounce,resourcefully
fawningly,illume
abrupt,achieve
detracting,felicitous
genocide,kick-ass
barbaric,childlike
irritation,principle
degradingly,evident
traumatize,uplifted
beggarly,classy
helplessness,main
heartbreakingly,lustrate
revile,soup-up
tenderness,unfeigned
picket,self-respect
murderer,risibly
fascism,hypersonic
unlawfulness,watchful
treasonous,upscale
nebulous,rouse
fib,immunotherapy
nobody,safeness
lamentably,puppy
overzealous,scintillation
lambast,pukka
nitpick,safe-period
irritably,primo
smugly,sustained
inconstant,optimistic
contrived,effective
despondent,fast-paced
slap,sunniness
ferocity,immerse
stupid,true-lovers-knot
inaction,obtain
clamor,dignity
disagreeable,force
restrict,sophisticatedly
incendiary,omniscient
childish,dexterity
leech,quenching
doomful,greatness
funky,invocation
repression,solace
mar,rectifying
negligent,sachem
panicky,scrumptiousness
angriness,blooming
despised,fascinatingly
worst,zappy
unsightly,well-preserved
scratches,still
sarcasm,square-meal
addict,as
squash,testament
hatred,lucidly
inconsiderately,operational
bedlamite,clairvoyant
immorally,newfound
irately,praise
pertinaciously,self-confident-
impiety,nom
scam,staid
lowly,razor-sharp
scarce,star-struck
dense,exquisite
catastrophe,deliciousness
dullard,hard-wearing
arrogantly,captivate
ingratitude,pearl
occludes,salvationist
cuss,energy-efficient
fugitive,invigorating
devoid,fidus-achates
scramble,stellar
deceiving,equality
mania,reconcile
loose,raison-dâ€™etre
retarded,soul-stretching
punishable,shrewd
blindingly,confident
impinge,nominate
irritating,principal
shoddy,stylishly
marginally,recuperative
skittishly,sumptuosity
fastidious,hysteria
election-rigger,heaven
disintegration,generous
barbarity,chipper
defiant,eternal
stagnation,the-one
threatening,universally
flaw,incredible
mist,responsibly
languorously,purpose
frost,intrepid
disagreeing,foresee
hopelessly,mature
disappointed,forgive
pessimistically,self-expression
breaks,cosmic
hectic,luxuriously
demean,excitingly
involuntary,practiced
hater,loyal
demon,exhilarating
malady,receive
gibe,kindly
phony,self-realization
depravedly,fabulous
utterly,winner
two-faced,va-va-voom
endanger,hen-night
harmful,love-nest
sadness,sprightly
split,tangy
reprehension,softly
dilapidated,flash
dilly-dally,flattered
weakness,xyresic
negativity,runner
lambaste,pumped
smelled,sure
stuck,trigger
unwelcome,wholehearted
officious,sand-pit
stench,tidbit
debaser,enthusiasm
wound,zeal
fumes,invite
relentless,soaringly
deprecate,fabulously
bungling,cultured
diabolic,fiesta
downy,gush
misbecoming,reliability
insubordinate,plausible
corrosion,efficacious
mockingly,revealing
torturously,untroubled
dying,healing
enviously,hidalgo
neglected,saccharine
shrilly,substantiate
disinclination,gastronomy
imprecate,nourishing
disoriented,glad-rags
gutless,lift
racist,sir
doubtfully,groom
evildoer,hilarity
corrosive,efficient
nonexistent,safety-glass
suppression,uncommon
banal,cherub
helpless,magnitude
mundane,rise
damages,enhancement
cloud,diplomatic
irrepressible,pretty
lazy,quantity
disdained,funny
dinky,flexibility
inhibition,pep
imaginary,negative
gravely,lark
impractical,nourish
ailment,beauty
angry,blossom
paradoxical,scrupulous
stagnant,thanksgiving
oppression,sapid
hedge,luxury
spookiest,teaching
extort,hoot
fear,illuminate
tortured,untarnished
odor,sanctifying
damning,enlighten
proprietary,shimmering
stressful,tranquil
insincere,philosopher
occlude,salvage
despair,fantasize
dispirit,glamorous
ineffectiveness,overactive
contemptuous,economize
moribund,rewardable
rumor,splendor
forswear,ingratiation
smear,supremely
unrealistic,well-earned
ugh,validate
weird,yay
scandal,stand-alone
undissolved,visualize
repel,soft
asunder,cash
castrated,deft
unspecified,well-run
preoccupy,sfx
indifferent,outback
discriminate,fulsome
pathetic,second-wind
plagiarize,sensations
spank,ta-da
cramping,electrify
feverish,immune
poisonously,sentinel
lurid,real
aches,amity
overwhelmingly,scintillating
dishonestly,gamesome
declaim,equiponderant
disadvantaged,fond
meddle,refresh
insurmountably,plenty
stark,thoughtful
worry,yummylicious
remorseless,socialize
dastardly,enrapturing
stress,training
antagonist,brave
cursed,energize
wail,worthiness
skeptic,sugar
wrongly,zorbing
risk,spellbind
disappoint,forgivable
repudiate,solemnize
loud,rational
berserk,cohesive
hotbeds,merciful
pickets,self-satisfaction
annoyances,bonus
sneak,swashbuckling
corruption,effortlessly
slur,supporting
lanky,purposeful
dehumanization,evocative
malicious,reciprocate
babble,chaperone
unfairly,vortex
deviation,fetching
crumpled,endearment
corrupts,effulgent
oversize,say
criminal,eminence
unrelentingly,well-favoured
insensible,petite
criticism,emphatic
patronize,secured
detracts,fellow-feeling
beleaguer,clear
fanaticism,hushaby
deviate,festivity